x,j₀(x),j₁(x),j₂(x),j₃(x),y₀(x),y₁(x),j₀_scaled(x),j₁_scaled(x)
0.010000,0.9999833334,0.0033333000,0.0000066666,0.0000000095,-99.9950000417,-10000.4999875001,1.0000000000,0.9999333333
0.020000,0.9999333347,0.0066664000,0.0000266659,0.0000000762,-49.9900003333,-2500.4999500011,1.0000000000,0.9997333333
0.030000,0.9998500067,0.0099991000,0.0000599961,0.0000002571,-33.3183344583,-1111.6109986167,1.0000000000,0.9994000000
0.040000,0.9997333547,0.0133312001,0.0001066545,0.0000006095,-24.9800026665,-625.4998000178,1.0000000000,0.9989333333
0.050000,0.9995833854,0.0166625004,0.0001666369,0.0000011903,-19.9750052079,-400.4996875434,1.0000000000,0.9983333333
0.060000,0.9994001080,0.0199928009,0.0002399383,0.0000020567,-16.6366756656,-278.2773278678,1.0000000000,0.9976000000
0.070000,0.9991835334,0.0233219020,0.0003265523,0.0000032658,-14.2507285750,-204.5810203198,1.0000000000,0.9967333333
0.080000,0.9989336746,0.0266496039,0.0004264717,0.0000048745,-12.4600213288,-156.7492002844,1.0000000000,0.9957333333
0.090000,0.9986505466,0.0299757070,0.0005396876,0.0000069397,-11.0661414779,-123.9557780790,1.0000000000,0.9946000000
0.100000,0.9983341665,0.0333000119,0.0006661906,0.0000095185,-9.9500416528,-100.4987506943,1.0000000000,0.9933333333
0.110000,0.9979845531,0.0366223192,0.0008059697,0.0000126677,-9.0359645269,-83.1431166156,1.0000000000,0.9919333333
0.120000,0.9976017274,0.0399424296,0.0009590130,0.0000164440,-8.2734052988,-69.9426458839,1.0000000000,0.9904000000
0.130000,0.9971857125,0.0432601442,0.0011253073,0.0000209042,-7.6273991824,-59.6694871157,1.0000000000,0.9887333333
0.140000,0.9967365332,0.0465752640,0.0013048383,0.0000261049,-7.0729714015,-51.5179608297,1.0000000000,0.9869333333
0.150000,0.9962542165,0.0498875904,0.0014975908,0.0000321027,-6.5918071862,-44.9416354581,1.0000000000,0.9850000000
0.160000,0.9957387913,0.0531969248,0.0017035481,0.0000389541,-6.1701705211,-39.5593045482,1.0000000000,0.9829333333
0.170000,0.9951902886,0.0565030689,0.0019226927,0.0000467154,-5.7975574524,-35.0984694204,1.0000000000,0.9807333333
0.180000,0.9946087413,0.0598058248,0.0021550056,0.0000554430,-5.4657982933,-31.3601548150,1.0000000000,0.9784000000
0.190000,0.9939941841,0.0631049946,0.0024004671,0.0000651929,-5.1684433427,-28.1963275668,1.0000000000,0.9759333333
0.200000,0.9933466540,0.0664003807,0.0026590561,0.0000760213,-4.9003328892,-25.4950111000,1.0000000000,0.9733333333
0.210000,0.9926661897,0.0696917858,0.0029307503,0.0000879841,-4.6572900701,-23.1702379522,1.0000000000,0.9706000000
0.220000,0.9919528322,0.0729790130,0.0032155266,0.0001011371,-4.4358974970,-21.1551232729,1.0000000000,0.9677333333
0.230000,0.9912066241,0.0762618655,0.0035133605,0.0001155361,-4.2333321522,-19.3969985901,1.0000000000,0.9647333333
0.240000,0.9904276101,0.0795401469,0.0038242264,0.0001312364,-4.0472415619,-17.8539341180,1.0000000000,0.9616000000
0.250000,0.9896158370,0.0828136612,0.0041480977,0.0001482936,-3.8756496868,-16.4922145844,1.0000000000,0.9583333333
0.260000,0.9887713534,0.0860822127,0.0044849467,0.0001667628,-3.7168845313,-15.2844810891,1.0000000000,0.9549333333
0.270000,0.9878942100,0.0893456059,0.0048347445,0.0001866992,-3.5695218384,-14.2083454633,1.0000000000,0.9514000000
0.280000,0.9869844592,0.0926036459,0.0051974610,0.0002081577,-3.4323408511,-13.2453446417,1.0000000000,0.9477333333
0.290000,0.9860421555,0.0958561380,0.0055730652,0.0002311930,-3.3042892259,-12.3801429345,1.0000000000,0.9439333333
0.300000,0.9850673555,0.0991028880,0.0059615249,0.0002558598,-3.1844549638,-11.5999172347,1.0000000000,0.9400000000
0.310000,0.9840601176,0.1023437022,0.0063628067,0.0002822123,-3.0720437738,-10.8938787428,1.0000000000,0.9359333333
0.320000,0.9830205019,0.1055783870,0.0067768763,0.0003103050,-2.9663606815,-10.2528976316,1.0000000000,0.9317333333
0.330000,0.9819485709,0.1088067496,0.0072036981,0.0003401916,-2.8667949804,-9.6692060872,1.0000000000,0.9274000000
0.340000,0.9808443886,0.1120285974,0.0076432356,0.0003719261,-2.7728078398,-9.1361615645,1.0000000000,0.9229333333
0.350000,0.9797080213,0.1152437384,0.0080954510,0.0004055621,-2.6839220367,-8.6480566976,1.0000000000,0.9183333333
0.360000,0.9785395369,0.1184519811,0.0085603057,0.0004411530,-2.5997133991,-8.1999656455,1.0000000000,0.9136000000
0.370000,0.9773390053,0.1216531343,0.0090377596,0.0004787519,-2.5198036368,-7.7876191047,1.0000000000,0.9087333333
0.380000,0.9761064985,0.1248470076,0.0095277719,0.0005184119,-2.4438543041,-7.4073020357,1.0000000000,0.9037333333
0.390000,0.9748420901,0.1280334108,0.0100303005,0.0005601856,-2.3715616919,-7.0557695053,1.0000000000,0.8986000000
0.400000,0.9735458558,0.1312121544,0.0105453024,0.0006041255,-2.3026524850,-6.7301770683,1.0000000000,0.8933333333
0.410000,0.9722178731,0.1343830496,0.0110727333,0.0006502839,-2.2368800557,-6.4280228869,1.0000000000,0.8879333333
0.420000,0.9708582216,0.1375459078,0.0116125481,0.0006987128,-2.1740212865,-6.1470993798,1.0000000000,0.8824000000
0.430000,0.9694669824,0.1407005412,0.0121647004,0.0007494639,-2.1138738365,-5.8854526486,1.0000000000,0.8767333333
0.440000,0.9680442388,0.1438467627,0.0127291429,0.0008025888,-2.0562537800,-5.6413482843,1.0000000000,0.8709333333
0.450000,0.9665900758,0.1469843854,0.0133058272,0.0008581386,-2.0009935608,-5.4132424331,1.0000000000,0.8650000000
0.460000,0.9651045804,0.1501132236,0.0138947037,0.0009161643,-1.9479402120,-5.1997572152,1.0000000000,0.8589333333
0.470000,0.9635878412,0.1532330916,0.0144957220,0.0009767166,-1.8969538047,-4.9996597661,1.0000000000,0.8527333333
0.480000,0.9620399490,0.1563438047,0.0151088305,0.0010398458,-1.8479060891,-4.8118443014,1.0000000000,0.8464000000
0.490000,0.9604609963,0.1594451789,0.0157339765,0.0011056022,-1.8006793033,-4.6353167173,1.0000000000,0.8399333333
0.500000,0.9588510772,0.1625370306,0.0163711066,0.0011740354,-1.7551651238,-4.4691813248,1.0000000000,0.8333333333
0.510000,0.9572102880,0.1656191772,0.0170201660,0.0012451951,-1.7112637405,-4.3126293870,1.0000000000,0.8266000000
0.520000,0.9555387266,0.1686914364,0.0176810989,0.0013191304,-1.6688830378,-4.1649291840,1.0000000000,0.8197333333
0.530000,0.9538364928,0.1717536270,0.0183538488,0.0013958902,-1.6279378689,-4.0254173775,1.0000000000,0.8127333333
0.540000,0.9521036882,0.1748055683,0.0190383579,0.0014755231,-1.5883494099,-3.8934914844,1.0000000000,0.8056000000
0.550000,0.9503404162,0.1778470803,0.0197345673,0.0015580774,-1.5500445856,-3.7686032991,1.0000000000,0.7983333333
0.560000,0.9485467820,0.1808779839,0.0204424175,0.0016436009,-1.5129555554,-3.6502531309,1.0000000000,0.7909333333
0.570000,0.9467228925,0.1838981006,0.0211618476,0.0017321414,-1.4770192547,-3.5379847428,1.0000000000,0.7834000000
0.580000,0.9448688565,0.1869072528,0.0218927959,0.0018237460,-1.4421769826,-3.4313808955,1.0000000000,0.7757333333
0.590000,0.9429847846,0.1899052636,0.0226351996,0.0019184617,-1.4083740324,-3.3300594157,1.0000000000,0.7679333333
0.600000,0.9410707890,0.1928919568,0.0233889950,0.0020163351,-1.3755593582,-3.2336697193,1.0000000000,0.7600000000
0.610000,0.9391269838,0.1958671573,0.0241541175,0.0021174123,-1.3436852752,-3.1418897299,1.0000000000,0.7519333333
0.620000,0.9371534847,0.1988306904,0.0249305013,0.0022217392,-1.3127071882,-3.0544231431,1.0000000000,0.7437333333
0.630000,0.9351504094,0.2017823827,0.0257180798,0.0023293614,-1.2825833465,-2.9709969912,1.0000000000,0.7354000000
0.640000,0.9331178771,0.2047220613,0.0265167853,0.0024403239,-1.2532746217,-2.8913594735,1.0000000000,0.7269333333
0.650000,0.9310560088,0.2076495543,0.0273265493,0.0025546715,-1.2247443055,-2.8152780172,1.0000000000,0.7183333333
0.660000,0.9289649272,0.2105646905,0.0281473023,0.0026724485,-1.1969579265,-2.7425375432,1.0000000000,0.7096000000
0.670000,0.9268447568,0.2134672998,0.0289789738,0.0027936990,-1.1698830834,-2.6729389111,1.0000000000,0.7007333333
0.680000,0.9246956236,0.2163572129,0.0298214924,0.0029184664,-1.1434892923,-2.6062975240,1.0000000000,0.6917333333
0.690000,0.9225176554,0.2192342614,0.0306747857,0.0030467941,-1.1177478478,-2.5424420725,1.0000000000,0.6826000000
0.700000,0.9203109818,0.2220982778,0.0315387804,0.0031787249,-1.0926316961,-2.4812134048,1.0000000000,0.6733333333
0.710000,0.9180757338,0.2249490956,0.0324134023,0.0033143010,-1.0681153183,-2.4224635061,1.0000000000,0.6639333333
0.720000,0.9158120444,0.2277865490,0.0332985763,0.0034535645,-1.0441746238,-2.3660545775,1.0000000000,0.6544000000
0.730000,0.9135200480,0.2306104734,0.0341942264,0.0035965569,-1.0207868525,-2.3118582021,1.0000000000,0.6447333333
0.740000,0.9111998806,0.2334207052,0.0351002756,0.0037433194,-0.9979304848,-2.2597545897,1.0000000000,0.6349333333
0.750000,0.9088516800,0.2362170815,0.0360166461,0.0038938927,-0.9755851585,-2.2096318914,1.0000000000,0.6250000000
0.760000,0.9064755857,0.2389994407,0.0369432592,0.0040483171,-0.9537315931,-2.1613855766,1.0000000000,0.6149333333
0.770000,0.9040717385,0.2417676219,0.0378800352,0.0042066325,-0.9323515190,-2.1149178670,1.0000000000,0.6047333333
0.780000,0.9016402810,0.2445214654,0.0388268936,0.0043688782,-0.9114276128,-2.0701372206,1.0000000000,0.5944000000
0.790000,0.8991813575,0.2472608125,0.0397837531,0.0045350932,-0.8909434375,-2.0269578607,1.0000000000,0.5839333333
0.800000,0.8966951136,0.2499855053,0.0407505314,0.0047053161,-0.8708833867,-1.9852993470,1.0000000000,0.5733333333
0.810000,0.8941816968,0.2526953874,0.0417271455,0.0048795848,-0.8512326333,-1.9450861823,1.0000000000,0.5626000000
0.820000,0.8916412558,0.2553903030,0.0427135114,0.0050579371,-0.8319770821,-1.9062474534,1.0000000000,0.5517333333
0.830000,0.8890739411,0.2580700976,0.0437095443,0.0052404101,-0.8131033254,-1.8687165018,1.0000000000,0.5407333333
0.840000,0.8864799047,0.2607346177,0.0447151586,0.0054270404,-0.7945986022,-1.8324306216,1.0000000000,0.5296000000
0.850000,0.8838593002,0.2633837109,0.0457302678,0.0056178643,-0.7764507599,-1.7973307824,1.0000000000,0.5183333333
0.860000,0.8812122824,0.2660172259,0.0467547846,0.0058129174,-0.7586482188,-1.7633613741,1.0000000000,0.5069333333
0.870000,0.8785390081,0.2686350125,0.0477886211,0.0060122351,-0.7411799394,-1.7304699729,1.0000000000,0.4954000000
0.880000,0.8758396351,0.2712369215,0.0488316882,0.0062158521,-0.7240353911,-1.6986071250,1.0000000000,0.4837333333
0.890000,0.8731143231,0.2738228050,0.0498838962,0.0064238028,-0.7072045242,-1.6677261481,1.0000000000,0.4719333333
0.900000,0.8703632329,0.2763925163,0.0509451547,0.0066361208,-0.6906777425,-1.6377829468,1.0000000000,0.4600000000
0.910000,0.8675865271,0.2789459095,0.0520153723,0.0068528395,-0.6744458786,-1.6087358442,1.0000000000,0.4479333333
0.920000,0.8647843696,0.2814828402,0.0530944571,0.0070739916,-0.6585001703,-1.5805454242,1.0000000000,0.4357333333
0.930000,0.8619569257,0.2840031649,0.0541823161,0.0072996096,-0.6428322390,-1.5531743870,1.0000000000,0.4234000000
0.940000,0.8591043621,0.2865067416,0.0552788557,0.0075297251,-0.6274340692,-1.5265874145,1.0000000000,0.4109333333
0.950000,0.8562268471,0.2889934291,0.0563839817,0.0077643694,-0.6122979889,-1.5007510460,1.0000000000,0.3983333333
0.960000,0.8533245503,0.2914630878,0.0574975989,0.0080035732,-0.5974166522,-1.4756335630,1.0000000000,0.3856000000
0.970000,0.8503976426,0.2939155788,0.0586196115,0.0082473669,-0.5827830218,-1.4512048816,1.0000000000,0.3727333333
0.980000,0.8474462964,0.2963507650,0.0597499228,0.0084957801,-0.5683903538,-1.4274364534,1.0000000000,0.3597333333
0.990000,0.8444706855,0.2987685100,0.0608884357,0.0087488419,-0.5542321824,-1.4043011727,1.0000000000,0.3466000000
1.000000,0.8414709848,0.3011686789,0.0620350520,0.0090065811,-0.5403023059,-1.3817732907,1.0000000000,0.3333333333
1.100000,0.8101885091,0.3241748979,0.0739248488,0.0118471423,-0.4123601104,-1.1850613368,1.0000000000,0.1933333333
1.200000,0.7766992383,0.3452845699,0.0865121863,0.0151828732,-0.3019647954,-1.0283365678,1.0000000000,0.0400000000
1.300000,0.7411986042,0.3643844427,0.0996885714,0.0190331394,-0.2057683297,-0.8994819347,1.0000000000,-0.1266666667
1.400000,0.7038926643,0.3813753724,0.1133402766,0.0234113298,-0.1214051021,-0.7906105943,1.0000000000,-0.3066666667
1.500000,0.6649966577,0.3961729707,0.1273492837,0.0283246416,-0.0471581344,-0.6964354140,1.0000000000,-0.5000000000
1.600000,0.6247335019,0.4087081401,0.1415942608,0.0337739250,0.0182497014,-0.6133274385,1.0000000000,-0.7066666667
1.700000,0.5833322414,0.4189274916,0.1559515673,0.0397535886,0.0757908790,-0.5387493714,1.0000000000,-0.9266666667
1.800000,0.5410264616,0.4267936424,0.1702962757,0.0462515679,0.1262233859,-0.4709023583,1.0000000000,-1.1600000000
1.900000,0.4980526777,0.4322853919,0.1845032042,0.0532493560,0.1701524036,-0.4084987811,1.0000000000,-1.4066666667
2.000000,0.4546487134,0.4353977750,0.1984479491,0.0607220977,0.2080734183,-0.3506120043,1.0000000000,-1.6666666667
2.100000,0.4110520794,0.4361419924,0.2120079097,0.0686387451,0.2404029070,-0.2965745046,1.0000000000,-1.9400000000
2.200000,0.3674983654,0.4345452194,0.2250632974,0.0769622747,0.2675005078,-0.2459072254,1.0000000000,-2.2266666667
2.300000,0.3242196575,0.4306502951,0.2374981188,0.0856499631,0.2896852266,-0.1982695589,1.0000000000,-2.5266666667
2.400000,0.2814429919,0.4245152948,0.2492011266,0.0946537189,0.3072473815,-0.1534232496,1.0000000000,-2.8400000000
2.500000,0.2393888576,0.4162129893,0.2600667295,0.1039204697,0.3204574462,-0.1112058792,1.0000000000,-3.1666666667
2.600000,0.1982697584,0.4058301968,0.2699958533,0.1133925980,0.3295725974,-0.0715110671,1.0000000000,-3.5066666667
2.700000,0.1582888445,0.3934670321,0.2788967466,0.1230084247,0.3348415341,-0.0342734615,1.0000000000,-3.8600000000
2.800000,0.1196386251,0.3792360592,0.2866857241,0.1327027338,0.3365079788,0.0005427959,1.0000000000,-4.2266666667
2.900000,0.0824997687,0.3632613565,0.2932878415,0.1424073357,0.3348131604,0.0329530452,1.0000000000,-4.6066666667
3.000000,0.0470400027,0.3456774998,0.2986374971,0.1520516620,0.3299974989,0.0629591636,1.0000000000,-5.0000000000
3.100000,0.0134131169,0.3266284733,0.3026789540,0.1615633880,0.3223016614,0.0905551610,1.0000000000,-5.4066666667
3.200000,-0.0182419198,0.3062665175,0.3053667800,0.1708690762,0.3119671174,0.1157316440,1.0000000000,-5.8266666667
3.300000,-0.0478017255,0.2847509225,0.3066662005,0.1798948358,0.2992362939,0.1384793903,1.0000000000,-6.2600000000
3.400000,-0.0751591477,0.2622467779,0.3065533635,0.1885669919,0.2843524096,0.1587922093,1.0000000000,-6.7066666667
3.500000,-0.1002237793,0.2389236880,0.3050155119,0.1968127576,0.2675590535,0.1766692232,1.0000000000,-7.1666666667
3.600000,-0.1229223454,0.2149544642,0.3020510655,0.2045609046,0.2490995601,0.1921166676,1.0000000000,-7.6400000000
3.700000,-0.1431989570,0.1905138040,0.2976696089,0.2117424242,0.2292162248,0.2051492880,1.0000000000,-8.1266666667
3.800000,-0.1610152345,0.1657769678,0.2918917879,0.2182911743,0.2081493979,0.2157913918,1.0000000000,-8.6266666667
3.900000,-0.1763502972,0.1409184633,0.2847491152,0.2241445048,0.1861364883,0.2240776019,1.0000000000,-9.1400000000
4.000000,-0.1892006238,0.1161107493,0.2762836858,0.2292438580,0.1634109052,0.2300533501,1.0000000000,-9.6666666667
4.100000,-0.1995797832,0.0915229667,0.2665478076,0.2335353353,0.1402009626,0.2337751399,1.0000000000,-10.2066666667
4.200000,-0.2075180411,0.0673197096,0.2556035479,0.2369702284,0.1167287670,0.2353106046,1.0000000000,-10.7600000000
4.300000,-0.2130618458,0.0436598433,0.2435222016,0.2395055073,0.0932091098,0.2347383829,1.0000000000,-11.3266666667
4.400000,-0.2162731986,0.0206953799,0.2303836849,0.2411042620,0.0698483795,0.2321478303,1.0000000000,-11.9066666667
4.500000,-0.2172289150,-0.0014295812,0.2162758609,0.2417360933,0.0468435110,0.2276385841,1.0000000000,-12.5000000000
4.600000,-0.2160197834,-0.0225798384,0.2012938019,0.2413774491,0.0243809841,0.2213199973,1.0000000000,-13.1066666667
4.700000,-0.2127496293,-0.0426299927,0.1855389956,0.2400119030,0.0026358858,0.2133104560,1.0000000000,-13.7266666667
4.800000,-0.2075342935,-0.0614652660,0.1691185022,0.2376303725,-0.0182289549,0.2037365946,1.0000000000,-14.3600000000
4.900000,-0.2005005332,-0.0789822250,0.1521440689,0.2342312749,-0.0380637489,0.1927324212,1.0000000000,-15.0066666667
5.000000,-0.1917848549,-0.0950894081,0.1347312101,0.2298206182,-0.0567324371,0.1804383675,1.0000000000,-15.6666666667
5.100000,-0.1815322907,-0.1097078497,0.1169982614,0.2244120276,-0.0741132829,0.1670002744,1.0000000000,-16.3400000000
5.200000,-0.1698951261,-0.1227714995,0.0990654148,0.2180267061,-0.0900993599,0.1525683261,1.0000000000,-17.0266666667
5.300000,-0.1570315929,-0.1342275338,0.0810537436,0.2106933296,-0.1045989314,0.1372959454,1.0000000000,-17.7266666667
5.400000,-0.1431045347,-0.1440365575,0.0630842250,0.2024478770,-0.1175357178,0.1213386611,1.0000000000,-18.4400000000
5.500000,-0.1282800592,-0.1521726970,0.0452767699,0.1933333969,-0.1288490499,0.1048529592,1.0000000000,-19.1666666667
5.600000,-0.1127261853,-0.1586235828,0.0277492660,0.1833997132,-0.1384939069,0.0879951305,1.0000000000,-19.9066666667
5.700000,-0.0966114987,-0.1633902252,0.0106166433,0.1727030702,-0.1464408394,0.0709201234,1.0000000000,-20.6600000000
5.800000,-0.0801038240,-0.1664867829,-0.0060100292,0.1613057233,-0.1526757788,0.0537804139,1.0000000000,-21.4266666667
5.900000,-0.0633689262,-0.1679402300,-0.0220244110,0.1492754749,-0.1571997340,0.0367249035,1.0000000000,-22.2066666667
6.000000,-0.0465692497,-0.1677899227,-0.0373257117,0.1366851630,-0.1600283811,0.0198978528,1.0000000000,-23.0000000000
6.100000,-0.0298627056,-0.1660870728,-0.0518194613,0.1236121045,-0.1611915473,0.0034378618,1.0000000000,-23.8066666667
6.200000,-0.0134015166,-0.1628941312,-0.0654182243,0.1101374987,-0.1607325963,-0.0125230957,1.0000000000,-24.6266666667
6.300000,0.0026688731,-0.1582840894,-0.0780422490,0.0963457966,-0.1587077201,-0.0278605747,1.0000000000,-25.4600000000
6.400000,0.0182108133,-0.1523397040,-0.0896200495,0.0823240403,-0.1551851436,-0.0424584919,1.0000000000,-26.3066666667
6.500000,0.0330953828,-0.1451526528,-0.1000889148,0.0681611798,-0.1502442501,-0.0562098828,1.0000000000,-27.1666666667
6.600000,0.0472032369,-0.1368226296,-0.1093953412,0.0539473710,-0.1439746351,-0.0690175756,1.0000000000,-28.0400000000
6.700000,0.0604253613,-0.1274563861,-0.1174953849,0.0397732630,-0.1364750968,-0.0807947787,1.0000000000,-28.9266666667
6.800000,0.0726637281,-0.1171667297,-0.1243549324,0.0257292794,-0.1278525721,-0.0914655769,1.0000000000,-29.8266666667
6.900000,0.0838318499,-0.1060714855,-0.1299498871,0.0119049007,-0.1182210290,-0.1009653324,1.0000000000,-30.7400000000
7.000000,0.0938552284,-0.0942924323,-0.1342662708,-0.0016120469,-0.1077003220,-0.1092409887,1.0000000000,-31.6666666667
7.100000,0.1026716958,-0.0819542212,-0.1373002400,-0.0147360886,-0.0964150234,-0.1162512766,1.0000000000,-32.6066666667
7.200000,0.1102316478,-0.0691832871,-0.1390580174,-0.0273847806,-0.0844932381,-0.1219668197,1.0000000000,-33.5600000000
7.300000,0.1164981672,-0.0561067603,-0.1395557399,-0.0394793629,-0.0720654133,-0.1263701416,1.0000000000,-34.5266666667
7.400000,0.1214470400,-0.0428513902,-0.1388192252,-0.0509453836,-0.0592631524,-0.1294555741,1.0000000000,-35.5066666667
7.500000,0.1250666636,-0.0295424872,-0.1368836585,-0.0617132851,-0.0462180424,-0.1312290692,1.0000000000,-36.5000000000
7.600000,0.1273578516,-0.0163028936,-0.1337932043,-0.0717189514,-0.0330605056,-0.1317079181,1.0000000000,-37.5066666667
7.700000,0.1283335369,-0.0032519903,-0.1296005461,-0.0809042085,-0.0199186834,-0.1309203789,1.0000000000,-38.5266666667
7.800000,0.1280183776,0.0094952509,-0.1243663580,-0.0892172753,-0.0069173616,-0.1289052188,1.0000000000,-39.5600000000
7.900000,0.1264482711,0.0218291641,-0.1181587151,-0.0966131611,0.0058230539,-0.1257111757,1.0000000000,-40.6066666667
8.000000,0.1236697808,0.0336462268,-0.1110524458,-0.1030540054,0.0181875042,-0.1213963428,1.0000000000,-41.6666666667
8.100000,0.1197394828,0.0448498317,-0.1031284341,-0.1085093589,0.0300671795,-0.1160274854,1.0000000000,-42.7400000000
8.200000,0.1147232386,0.0553509878,-0.0944728772,-0.1129564007,0.0413603489,-0.1096792936,1.0000000000,-43.8266666667
8.300000,0.1086954017,0.0650689454,-0.0851765057,-0.1163800934,0.0519731139,-0.1024335807,1.0000000000,-44.9266666667
8.400000,0.1017379652,0.0739317404,-0.0753337722,-0.1187732715,0.0618200779,-0.0943784322,1.0000000000,-46.0400000000
8.500000,0.0939396603,0.0818766545,-0.0650420176,-0.1201366648,0.0708249297,-0.0856073156,1.0000000000,-47.1666666667
8.600000,0.0853950114,0.0888505882,-0.0544006201,-0.1204788557,0.0789209357,-0.0762181584,1.0000000000,-48.3066666667
8.700000,0.0762033598,0.0948103454,-0.0435101372,-0.1198161714,0.0860513386,-0.0663124013,1.0000000000,-49.4600000000
8.800000,0.0664678628,0.0997228269,-0.0324714446,-0.1181725113,0.0921696607,-0.0559940378,1.0000000000,-50.6266666667
8.900000,0.0562944783,0.1035651334,-0.0213848827,-0.1155791125,0.0972399112,-0.0453686455,1.0000000000,-51.8066666667
9.000000,0.0457909428,0.1063245783,-0.0103494167,-0.1120742542,0.1012366958,-0.0345424211,1.0000000000,-53.0000000000
9.100000,0.0350657541,0.1079986106,0.0005381834,-0.1077029054,0.1041452310,-0.0236212232,1.0000000000,-54.2066666667
9.200000,0.0242271646,0.1085946507,0.0111841345,-0.1025163167,0.1059612632,-0.0127096360,1.0000000000,-55.4266666667
9.300000,0.0133821961,0.1081298410,0.0214983978,-0.0965715626,0.1066908952,-0.0019100568,1.0000000000,-56.6600000000
9.400000,0.0026356836,0.1066307155,0.0313953959,-0.0899310368,0.1063503236,0.0086781807,1.0000000000,-57.9066666667
9.500000,-0.0079106443,0.1041327907,0.0407946834,-0.0826619047,0.1049654901,0.0189596432,1.0000000000,-59.1666666667
9.600000,-0.0181590397,0.1006800850,0.0496215663,-0.0748355192,0.1025716516,0.0288435868,1.0000000000,-60.4400000000
9.700000,-0.0280165594,0.0963245691,0.0578076633,-0.0665268045,0.0992128742,0.0382446908,1.0000000000,-61.7266666667
9.800000,-0.0373958295,0.0911255554,0.0652914077,-0.0578136127,0.0949414563,0.0470837332,1.0000000000,-63.0266666667
9.900000,-0.0462157468,0.0851490309,0.0720184835,-0.0487760594,0.0898172881,0.0552882002,1.0000000000,-64.3400000000
10.000000,-0.0544021111,0.0784669418,0.0779421936,-0.0394958450,0.0839071529,0.0627928264,1.0000000000,-65.6666666667
10.100000,-0.0618881831,0.0711564354,0.0830237579,-0.0300555651,0.0772839782,0.0695400621,0.9950985198,0.9852955593
11.100000,-0.0895993323,-0.0174626450,0.0848796985,0.0556967434,-0.0093906331,0.0887533293,0.9959418878,0.9878256635
12.100000,-0.0371609475,-0.0768898396,0.0180973509,0.0843680838,-0.0738186869,0.0310602296,0.9965849327,0.9897547982
13.100000,0.0388291194,-0.0627585876,-0.0532013150,0.0424527421,-0.0657226425,-0.0438461150,0.9970864169,0.9912592506
14.100000,0.0708730063,0.0023911079,-0.0703642599,-0.0273429731,-0.0026353464,-0.0710599103,0.9974850360,0.9924551079
15.100000,0.0378276073,0.0568636226,-0.0265301988,-0.0656484567,0.0543584831,-0.0342277077,0.9978071137,0.9934213412
16.100000,-0.0237311439,0.0559255687,0.0341520573,-0.0453193397,0.0573995528,0.0272963335,0.9980710621,0.9942131862
17.100000,-0.0575476611,0.0070328310,0.0587814911,0.0101547395,0.0103981913,0.0581557425,0.9982900722,0.9948702165
18.100000,-0.0376416445,-0.0425211681,0.0305939371,0.0509725319,-0.0404415192,0.0354073064,0.9984737951,0.9954213852
19.100000,0.0129756130,-0.0500432904,-0.0208358157,0.0445888884,-0.0507226419,-0.0156312487,0.9986294235,0.9958882706
20.100000,0.0472201270,-0.0133174518,0.0468694912,0.0010767039,-0.0156667118,-0.0479995654,0.9987624069,0.9962872206
21.100000,0.0368622825,0.0315346620,0.0366138900,-0.0392073353,0.0297876344,-0.0354505463,0.9988769345,0.9966308034
22.100000,-0.0049156831,0.0447586357,-0.0048854891,-0.0422718673,0.0449810647,0.0069510253,0.9989762699,0.9969288098
23.100000,-0.0387526999,0.0176163334,-0.0385348290,-0.0087331006,0.0192939394,0.0395879354,0.9990629861,0.9971889582
24.100000,-0.0356309960,-0.0227426497,-0.0354469547,0.0295476208,-0.0212641851,0.0347486646,0.9991391333,0.9974173998
25.100000,-0.0013041984,-0.0398712451,-0.0012979880,0.0391817453,-0.0398192850,-0.0002822273,0.9992063618,0.9976190854
26.100000,0.0315453257,-0.0205369072,0.0314064023,0.0140415261,-0.0217455404,-0.0323784882,0.9992660119,0.9977980358
27.100000,0.0340381113,0.0155053771,0.0338990686,-0.0214687810,0.0142493582,-0.0335123047,0.9993191814,0.9979575442
28.100000,0.0061726746,0.0352674367,0.0061492224,-0.0356958118,0.0350477686,-0.0049254230,0.9993667760,0.9981003280
29.100000,-0.0252577188,0.0224333265,-0.0251682381,-0.0176961387,0.0233012893,0.0260584504,0.9994095488,0.9982286463
30.100000,-0.0321493732,-0.0094441456,-0.0320429195,-0.0319364658,-0.0083760601,0.0318710987,0.9994481297,0.9983443891
31.100000,-0.0099902664,-0.0308842180,-0.0099592795,-0.0099282927,-0.0305629876,0.0090075337,0.9994830492,0.9984491475
32.100000,0.0196870783,-0.0235301505,0.0196297601,0.0195724419,-0.0241434551,-0.0204392108,0.9995147563,0.9985442688
33.100000,0.0300178551,0.0043218396,0.0299356602,0.0298534652,0.0034149558,-0.0299146842,0.9995436332,0.9986308997
34.100000,0.0129537773,0.0266892923,0.0129203571,0.0128869369,0.0263094161,-0.0121822402,0.9995700071,0.9987100214
35.100000,-0.0147083254,0.0239806907,-0.0146725099,-0.0146366945,0.0243997313,0.0154034744,0.9995941591,0.9987824774
36.100000,-0.0276897269,0.0000172301,-0.0276259850,-0.0275622430,0.0007842585,0.0277114516,0.9996163320,0.9988489959
37.100000,-0.0151997095,-0.0226694472,-0.0151665805,-0.0151334515,-0.0222597515,0.0145997162,0.9996367361,0.9989102084
38.100000,0.0102424209,-0.0238969120,0.0102212532,0.0102000854,-0.0241657419,-0.0108766923,0.9996555549,0.9989666646
39.100000,0.0252071688,-0.0036799149,0.0251577045,0.0251082402,-0.0043245995,-0.0253177723,0.9996729482,0.9990188447
40.100000,0.0168281295,0.0188234781,0.0167967339,0.0167653384,0.0184038240,-0.0163691813,0.9996890567,0.9990671700
41.100000,-0.0062384348,0.0233657522,-0.0062273555,-0.0062162761,0.0235175389,0.0068106377,0.9997040036,0.9991120109
42.100000,-0.0226098494,0.0067429389,-0.0225715797,-0.0225333100,0.0072799900,0.0227827707,0.9997178982,0.9991536947
43.100000,-0.0179164844,-0.0151576670,-0.0178875496,-0.0178586149,-0.0147419713,0.0175744433,0.9997308369,0.9991925108
44.100000,0.0026628404,-0.0224584620,0.0026587328,0.0026546252,-0.0225188438,-0.0031734718,0.9997429055,0.9992287164
45.100000,0.0199356373,-0.0092641535,0.0199062338,0.0198768304,-0.0097061854,-0.0201508520,0.9997541802,0.9992625405
46.100000,0.0185279254,0.0116827634,0.0185017709,0.0184756164,0.0112808561,-0.0182832214,0.9997647291,0.9992941874
47.100000,0.0005071663,0.0212361320,0.0005064804,0.0005057946,0.0212253642,-0.0000565216,0.9997746133,0.9993238400
48.100000,-0.0172208812,0.0112895616,-0.0171985513,-0.0171762214,0.0116475841,0.0174630347,0.9997838875,0.9993516626
49.100000,-0.0187164701,-0.0084118878,-0.0186931794,-0.0186698887,-0.0080306969,0.0185529121,0.9997926008,0.9993778025
50.100000,-0.0032879884,-0.0197530336,-0.0032840585,-0.0032801287,-0.0196874051,0.0028950262,0.9998007976,0.9994023928
51.100000,0.0145004425,-0.0128578240,0.0144837830,0.0144671236,-0.0131415900,-0.0147576165,0.9998085179,0.9994255537
52.100000,0.0185302617,0.0053590244,0.0185097819,0.0184893020,0.0050033572,-0.0184342280,0.9998157979,0.9994473937
53.100000,0.0056925022,0.0180586490,0.0056864455,0.0056803888,0.0179514455,-0.0053544335,0.9998226705,0.9994680115
54.100000,-0.0118075835,0.0140032040,-0.0117954806,-0.0117833778,0.0142214587,0.0120704570,0.9998291655,0.9994874966
55.100000,-0.0180136401,-0.0025379098,-0.0179958402,-0.0179780402,-0.0022109835,0.0179735134,0.9998353102,0.9995059305
56.100000,-0.0077320061,-0.0161988910,-0.0077246357,-0.0077172654,-0.0160610656,0.0074457126,0.9998411291,0.9995233874
57.100000,0.0091737746,-0.0147575070,0.0091653335,0.0091568924,-0.0149181685,-0.0094350385,0.9998466451,0.9995399352
58.100000,0.0172084437,-0.0000388024,0.0171931501,0.0171778565,-0.0003349890,-0.0172142095,0.9998518786,0.9995556359
59.100000,0.0094175532,0.0142168074,0.0094094644,0.0094013756,0.0140574579,-0.0091796944,0.9998568488,0.9995705464
60.100000,-0.0066284606,0.0151513500,-0.0066229552,-0.0066174499,0.0152616405,0.0068823980,0.9998615729,0.9995847188
61.100000,-0.0161548015,0.0023601729,-0.0161418196,-0.0161288376,0.0026245723,0.0161977569,0.9998660670,0.9995982010
62.100000,-0.0107608591,-0.0121529505,-0.0107524880,-0.0107441168,-0.0119796677,0.0105679498,0.9998703457,0.9996110372
63.100000,0.0041988121,-0.0152149715,0.0041956484,0.0041924848,-0.0152815137,-0.0044409914,0.9998744227,0.9996232680
64.100000,0.0148915786,-0.0044174517,0.0148807057,0.0148698327,-0.0046497696,-0.0149641179,0.9998783103,0.9996349308
65.100000,0.0117749046,0.0100455294,0.0117665694,0.0117582342,0.0098646553,-0.0116233738,0.9998820201,0.9996460603
66.100000,-0.0019094815,0.0149787172,-0.0019081704,-0.0019068594,0.0150076050,0.0021365255,0.9998855628,0.9996566885
67.100000,-0.0134565823,0.0062044269,-0.0134476160,-0.0134386498,0.0064049721,0.0135520364,0.9998889484,0.9996668451
68.100000,-0.0124743143,-0.0079304206,-0.0124662448,-0.0124581754,-0.0077472442,0.0123605515,0.9998921858,0.9996765575
69.100000,-0.0002176239,-0.0144732930,-0.0002174872,-0.0002173504,-0.0144701436,0.0000082152,0.9998952838,0.9996858514
70.100000,0.0118866030,-0.0077176675,0.0118793463,0.0118720895,-0.0078872339,-0.0119991171,0.9998982501,0.9996947503
71.100000,0.0128755632,0.0058410900,0.0128679223,0.0128602813,0.0056599991,-0.0127959571,0.9999010921,0.9997032764
72.100000,0.0021635419,0.0137298469,0.0021622933,0.0021610448,0.0136998394,-0.0019735303,0.9999038167,0.9997114502
73.100000,-0.0102173400,0.0089566761,-0.0102116038,-0.0102058675,0.0090964482,0.0103417784,0.9999064303,0.9997192909
74.100000,-0.0129970513,-0.0038084621,-0.0129899502,-0.0129828490,-0.0036330633,0.0129480221,0.9999089388,0.9997268163
75.100000,-0.0039124203,-0.0127799246,-0.0039103392,-0.0039082581,-0.0127278285,0.0037429419,0.9999113477,0.9997340430
76.100000,0.0084832493,-0.0099239606,0.0084788547,0.0084744602,-0.0100354356,-0.0086151210,0.9999136623,0.9997409868
77.100000,0.0128590710,0.0018607635,0.0128525814,0.0128460917,0.0016939792,-0.0128370999,0.9999158874,0.9997476621
78.100000,0.0054516426,0.0116553331,0.0054489613,0.0054462800,0.0115855298,-0.0053033004,0.9999180275,0.9997540826
79.100000,-0.0067173426,0.0106250341,-0.0067141217,-0.0067109009,0.0107099562,0.0068527402,0.9999200871,0.9997602612
80.100000,-0.0124836915,-0.0000233611,-0.0124778543,-0.0124720172,0.0001324902,0.0124853455,0.9999220699,0.9997662098
81.100000,-0.0067719108,-0.0103879355,-0.0067688220,-0.0067657331,-0.0103044347,0.0066448524,0.9999239799,0.9997719398
82.100000,0.0049509563,-0.0110683509,0.0049487527,0.0049465492,-0.0111286549,-0.0050865063,0.9999258205,0.9997774616
83.100000,0.0118945742,-0.0016813929,0.0118894068,0.0118842395,-0.0018245286,-0.0119165300,0.9999275951,0.9997827853
84.100000,0.0078672813,0.0090093982,0.0078639443,0.0078606073,0.0089158514,-0.0077612664,0.9999293067,0.9997879202
85.100000,-0.0032135095,0.0112651836,-0.0032121783,-0.0032108471,0.0113029451,0.0033463291,0.9999309584,0.9997928752
86.100000,-0.0111167355,0.0032342950,-0.0111122368,-0.0111077380,0.0033634093,0.0111557995,0.9999325528,0.9997976585
87.100000,-0.0087351555,-0.0075509069,-0.0087317013,-0.0087282470,-0.0074506181,0.0086496146,0.9999340927,0.9998022780
88.100000,0.0015322623,-0.0112294482,0.0015316700,0.0015310778,-0.0112468405,-0.0016599222,0.9999355804,0.9998067411
89.100000,0.0101762667,-0.0046193979,0.0101724211,0.0101685756,-0.0047336096,-0.0102293936,0.9999370183,0.9998110548
90.100000,0.0093762229,0.0060428644,0.0093727579,0.0093692930,0.0059387997,-0.0093103095,0.9999384086,0.9998152257
91.100000,0.0000679134,0.0109774838,0.0000678889,0.0000678643,0.0109767383,0.0000525776,0.9999397533,0.9998192599
92.100000,-0.0091000225,0.0058240831,-0.0090968041,-0.0090935857,0.0059228890,0.0091643319,0.9999410545,0.9998231635
93.100000,-0.0097943576,-0.0045145809,-0.0097909676,-0.0097875776,-0.0044093784,0.0097469958,0.9999423140,0.9998269419
94.100000,-0.0015647429,-0.0105277917,-0.0015642128,-0.0015636826,-0.0105111631,0.0014530408,0.9999435335,0.9998306005
95.100000,0.0079152889,-0.0068390967,0.0079126633,0.0079100377,-0.0069223279,-0.0079880789,0.9999447148,0.9998341444
96.100000,0.0099964715,0.0029939693,0.0099932243,0.0099899770,0.0028899477,-0.0099663992,0.9999458594,0.9998375781
97.100000,0.0029387296,0.0099007407,0.0029377945,0.0029368594,0.0098704757,-0.0028370769,0.9999469688,0.9998409064
98.100000,-0.0066494362,0.0076585434,-0.0066473634,-0.0066452905,0.0077263256,0.0067281959,0.9999480444,0.9998441333
99.100000,-0.0099923260,-0.0015072503,-0.0099892736,-0.0099862212,-0.0014064195,0.0099781341,0.9999490877,0.9998472631
150.000000,-0.0047658429,-0.0046934443,-0.0047652074,-0.0047645721,-0.0046616720,0.0047347651,0.9999777778,0.9999333333
200.000000,-0.0043664865,-0.0024577708,-0.0043661590,-0.0043658316,-0.0024359384,0.0043543068,0.9999875000,0.9999625000
250.000000,-0.0038821121,-0.0009794817,-0.0038819257,-0.0038817394,-0.0009639532,0.0038782563,0.9999920000,0.9999760000
300.000000,-0.0033325195,0.0000625470,-0.0033324084,-0.0033322973,0.0000736554,0.0033327650,0.9999944444,0.9999833333
500.000000,-0.0009355436,0.0017658275,-0.0009355324,-0.0009355212,0.0017676985,0.0009390790,0.9999980000,0.9999940000
1000.000000,0.0008268795,-0.0005615522,0.0008268771,0.0008268746,-0.0005623791,-0.0008274419,0.9999995000,0.9999985000
